s1	Chus	Domínguez	Autor
s2	Jorge	Blasco	Asesor
s3	Araceli	Corbo	Asesor
s4	Alfredo	Puente	Comisario
s5	Zaida	Llamas	Coordinación y Documentación
s6	Alicia	Mira	Didáctica
s7	Lucía	Alaejos	Cominicación
s8	Alfredo	Calosci	Colaborador
s9	Tomás	Álvarez	Colaborador
s10	Pablo	García	Colaborador
s11	Tony	Solserpiente	Colaborador
s12	Javier	Valbuena Rodríguez	Comisario
s13	Mela	Dávila	Asesor
s14	José	Gómez Isla	Asesor
s15	Mª del Carmen	Rodríguez	Asesor
s16	José Ramon	Turiel	Colaborador
s17	María	Casais	Desarrollo WordPress
s18	Guillermo	García	Desarrollo WordPress
s19	Fernando	Ortega	Documentación
s20	Carlos	Civeta Rojas	Coordinador
s21	Rocío	Calles Alfageme	Documentación
s22	Miguel Ángel	Nuñez García	Edición Audio
s23	Francisco	Ruiperez Sánchez	Edición imágenes
s24	Jan José	Rodríguez Blázquez	Edición video
s25	Ismael	Aveleira	Realizador